Workbook

Sheet Read me
A1: Interview tracker (W-13, W-16, W-31)
A2: Companion to docs/15-interview-kit.md. Excel recalculates on open.
A4: How to use
A5: 1. Leads: one row per person. Type in the blue cells; pick Status, Segment, Source and Message from the lists.
A6: 2. Interviews: one row per held interview, written the same day, following docs/15 section 6.
A7: 3. Gate 1: fills itself from the Interviews sheet and shows PASS, NOT YET or FAIL. Thresholds are the yellow cells.
A9: Colours
A10: Blue text = you type it. Black = formula, do not edit. Grey italic row 2 = example; overwrite or leave it, it is never counted.
A12: Rules
A13: Contact people one at a time; no scraping or bulk email (PDPL and LinkedIn rules).
A14: Keep personal data to name, role, company and a work contact; delete the row of anyone who asks.
A15: Keep this separate from your employer: no employer clients, contacts or working hours.

Sheet Leads
A1: # | B1: Name | C1: Role | D1: Company | E1: Sector | F1: Staff (approx) | G1: Segment | H1: City | I1: Source | J1: Introduced by | K1: Contact (work email or LinkedIn URL) | L1: First contact date | M1: Message used (docs/15) | N1: Status | O1: Next step | P1: Next step date | Q1: Notes
A2: 1 | B2: Example: Khalid A. | C2: Procurement Manager | D2: Example Contracting Co. | E2: Construction | F2: 450 | G2: Government contractor | H2: Riyadh | I2: Friend introduction | J2: Friend name | K2: linkedin.com/in/example | L2: 2026-10-05 | M2: A | N2: Meeting booked | O2: Interview | P2: 2026-10-08 | Q2: Has a subcontractor tender in November
A3: =IF(B3="","",ROW()-2)
A4: =IF(B4="","",ROW()-2)
A5: =IF(B5="","",ROW()-2)
A6: =IF(B6="","",ROW()-2)
A7: =IF(B7="","",ROW()-2)
A8: =IF(B8="","",ROW()-2)
A9: =IF(B9="","",ROW()-2)
A10: =IF(B10="","",ROW()-2)
A11: =IF(B11="","",ROW()-2)
A12: =IF(B12="","",ROW()-2)
A13: =IF(B13="","",ROW()-2)
A14: =IF(B14="","",ROW()-2)
... A201: =IF(B201="","",ROW()-2)

Sheet Interviews
A1: # | B1: Date | C1: Person and role | D1: Company | E1: Segment | F1: Staff count | G1: Tenders a year | H1: Current tools (D1) | I1: Last tender: what and value | J1: Cycle time publish to PO, days (B5) | K1: Who saw prices and when (B3) | L1: Approval chain (B4) | M1: Hardest part, exact quote (C1) | N1: Disputes or audit findings (C2, C3) | O1: Money or time already spent (C4) | P1: Others looked at and quotes (D2) | Q1: Brand matters to vendors? (D3) | R1: Vault pain 0-3 (E1) | S1: Claims pain 0-3 (E2) | T1: Audit pain 0-3 (E3) | U1: Price reaction, number and words (F1) | V1: Budget owner (F2) | W1: Would pay SAR 1,500+ a month? | X1: Named pilot tender (G1) | Y1: Referrals (G2) | Z1: Surprise
A2: 1 | B2: 2026-10-08 | C2: Example: Khalid A., Procurement Manager | D2: Example Contracting Co. | E2: Government contractor | F2: 450 | G2: 24 | H2: ERP for POs; Excel and email for offers | I2: MEP subcontract, SAR 3.2M | J2: 41 | K2: Procurement manager, as offers arrived by email | L2: Procurement, project director, CFO | M2: "We lose two weeks chasing signatures and nobody trusts the comparison sheet" | N2: A losing bidder complained to the CEO last year | O2: Tried a SharePoint list, abandoned | P2: None | Q2: Yes | R2: 2 | S2: 3 | T2: 1 | U2: Said 3,000 is fine if it answers the audit questions | V2: CFO, operations budget | W2: Yes | X2: November MEP subcontract | Y2: Their audit head; a friend at a hospital group | Z2: Claims pain bigger than tender pain
A3: =IF(D3="","",ROW()-2)
A4: =IF(D4="","",ROW()-2)
A5: =IF(D5="","",ROW()-2)
A6: =IF(D6="","",ROW()-2)
A7: =IF(D7="","",ROW()-2)
A8: =IF(D8="","",ROW()-2)
A9: =IF(D9="","",ROW()-2)
A10: =IF(D10="","",ROW()-2)
A11: =IF(D11="","",ROW()-2)
A12: =IF(D12="","",ROW()-2)
A13: =IF(D13="","",ROW()-2)
A14: =IF(D14="","",ROW()-2)
... A201: =IF(D201="","",ROW()-2)

Sheet Gate 1
A1: Gate 1 (W-31): build past the foundation only on PASS
A2: Counts rows 3 onward of the Interviews sheet; row 2 is the example and is ignored.
A4: Thresholds
A5: Interviews needed | B5: 3 | C5: Source: W-13 in docs/09 (three interviews).
A6: "Yes" to SAR 1,500+ a month needed | B6: 2 | C6: Source: W-31 in docs/09 (two of three would pay SAR 1,500 or more).
A7: Named pilot tenders needed | B7: 1 | C7: Source: W-31 in docs/09 (one names a real tender).
A9: Results
A10: Interviews held | B10: =COUNTA(Interviews!D3:D201)
A11: Would pay SAR 1,500+ a month: Yes | B11: =COUNTIF(Interviews!W3:W201,"Yes")
A12: Would pay: Unsure | B12: =COUNTIF(Interviews!W3:W201,"Unsure")
A13: Named pilot tenders | B13: =COUNTA(Interviews!X3:X201)
A14: Brand matters to vendors: Yes | B14: =COUNTIF(Interviews!Q3:Q201,"Yes") | C14: W-13 measure; supports F-02 white-label.
A15: Median cycle time publish to PO (days) | B15: =IF(COUNT(Interviews!J3:J201)=0,"",MEDIAN(Interviews!J3:J201)) | C15: W-13 measure.
A17: Side pains (docs/14): average 0 to 3
A18: Idea 2 vendor compliance vault | B18: =IF(COUNT(Interviews!R3:R201)=0,"",AVERAGE(Interviews!R3:R201))
A19: Idea 5 subcontractor claims | B19: =IF(COUNT(Interviews!S3:S201)=0,"",AVERAGE(Interviews!S3:S201))
A20: Idea 7 procurement audit checks | B20: =IF(COUNT(Interviews!T3:T201)=0,"",AVERAGE(Interviews!T3:T201))
A22: Verdict
A23: Gate 1 result | B23: =IF(B10<B5,"NOT YET",IF(B11>=B6,IF(B13>=B7,"PASS","NOT YET"),IF(B11+B12>=B6,"NOT YET","FAIL"))) | C23: PASS: record firms, prices and the tender in docs/11 section 10 and start W-15. NOT YET: more interviews from the referrals, or follow up the unsure ones. FAIL: record why; check the side pains above before stopping.
